Block;Block_Row;Block_Column;Sample;Axle_established;S_axles;S_total;S_substratum;Sp._Size;Sp.;Size;Substratum;Biomass_V;Biomass_NV;Biom_total;per_BiomV;interaccion;propagules_bc;Axle_established_bc;Axle_established_bc2;Axle_established_bc3;perc_col;perc_col_bc;perc_col_bc2;perc_col_bc3;biomVper;biomVper_bc;biomVper_bc2;biomVper_bc3;RGR
1;F2;C1;S. ruralis Medium;1;4;278;646;S. ruralis Medium;S. ruralis;Medium;Rockwool;3,00E-04;0,0042;0,0045;7,5;S. ruralis:Medium;2;0,749380678;0,728256317;0,728256317;0,770480977;-0,250705501;-0,252013257;-0,253330177;10;1,965285051;1,881367264;1,881367264;0,00025
1;F3;C1;H. cupressiforme Small;2;5;121;632;H. cupressiforme Small;H. cupressiforme;Small;Rockwool;0;0,0033;0,0033;0;H. cupressiforme:Small;3;1,244331032;1,188548685;1,188548685;0,942425171;-0,058769155;-0,058839403;-0,058909763;2,5;0,859409015;0,84403228;0,84403228;-0,00035
1;F4;C1;P. capillare Small;3;10;180;620;P. capillare Small;P. capillare;Small;Rockwool;1,00E-04;0,0032;0,0033;2,5;P. capillare:Small;4;1,623555001;1,531512651;1,531512651;1,764189156;0,619445147;0,61219379;0,605053814;5;1,439425073;1,395339575;1,395339575;-0,00035
1;F5;C1;T. squarrosa Medium;65;47;263;615;T. squarrosa Medium;T. squarrosa;Medium;Rockwool;2,00E-04;0,0042;0,0044;5;T. squarrosa:Medium;66;6,917094889;5,716977038;5,716977038;7,793562353;2,848044107;2,721435099;2,601924851;7,5;1,75327197;1,687054115;1,687054115;2,00E-04
1;F1;C2;H. cupressiforme Large;2;8;100;630;H. cupressiforme Large;H. cupressiforme;Large;Rockwool;1,00E-04;0,0041;0,0042;2,5;H. cupressiforme:Large;3;1,244331032;1,188548685;1,188548685;1,4211272;0,370847557;0,36818056;0,365538882;5;1,439425073;1,395339575;1,395339575;1,00E-04
1;F2;C2;P. capillare Medium;10;12;144;650;P. capillare Medium;P. capillare;Medium;Rockwool;2,00E-04;0,0039;0,0041;5;P. capillare:Medium;11;3,167135005;2,854583782;2,854583782;1,997439777;0,769739154;0,758709569;0,747886647;7,5;1,75327197;1,687054115;1,687054115;5,00E-05
1;F3;C2;S. ruralis Small;1;2;246;630;S. ruralis Small;S. ruralis;Small;Rockwool;0;0,0039;0,0039;0;S. ruralis:Small;2;0,749380678;0,728256317;0,728256317;0,468746248;-0,677001012;-0,687068108;-0,697339256;2,5;0,859409015;0,84403228;0,84403228;-5,00E-05
1;F4;C2;D. scoparium Small;0;0;277;629;D. scoparium Small;D. scoparium;Small;Rockwool;0;0,0037;0,0037;0;D. scoparium:Small;1;0;0;0;0,15128593;-1,438049877;-1,488934428;-1,542358559;2,5;0,859409015;0,84403228;0,84403228;-0,00015
1;F5;C2;H. cupressiforme Small;0;0;144;600;H. cupressiforme Small;H. cupressiforme;Small;Rockwool;0;0,0036;0,0036;0;H. cupressiforme:Small;1;0;0;0;0,15128593;-1,438049877;-1,488934428;-1,542358559;2,5;0,859409015;0,84403228;0,84403228;-2,00E-04
1;F1;C3;H. cupressiforme Medium;4;10;65;641;H. cupressiforme Medium;H. cupressiforme;Medium;Rockwool;4,00E-04;0,004;0,0044;10;H. cupressiforme:Medium;5;1,934861167;1,807312725;1,807312725;1,711348333;0,583493216;0,577035541;0,570671724;12,5;2,123897034;2,025242465;2,025242465;2,00E-04
1;F2;C3;D. scoparium Large;0;0;154;628;D. scoparium Large;D. scoparium;Large;Rockwool;0;0,0041;0,0041;0;D. scoparium:Large;1;0;0;0;0,15128593;-1,438049877;-1,488934428;-1,542358559;2,5;0,859409015;0,84403228;0,84403228;5,00E-05
1;F3;C3;P. capillare Large;4;6;129;642;P. capillare Large;P. capillare;Large;Rockwool;1,00E-04;0,0043;0,0044;2,5;P. capillare:Large;5;1,934861167;1,807312725;1,807312725;1,08586537;0,083414037;0,083274798;0,083135868;5;1,439425073;1,395339575;1,395339575;2,00E-04
1;F4;C3;S. ruralis Small;0;0;233;629;S. ruralis Small;S. ruralis;Small;Rockwool;0;0,0042;0,0042;0;S. ruralis:Small;1;0;0;0;0,15128593;-1,438049877;-1,488934428;-1,542358559;2,5;0,859409015;0,84403228;0,84403228;1,00E-04
1;F5;C3;T. squarrosa Small;59;50;245;628;T. squarrosa Small;T. squarrosa;Small;Rockwool;3,00E-04;0,0037;0,004;7,5;T. squarrosa:Small;60;6,6778232;5,54576864;5,54576864;8,11306937;2,923355403;2,790694257;2,665618244;10;1,965285051;1,881367264;1,881367264;0
1;F1;C4;S. ruralis Large;18;47;171;646;S. ruralis Large;S. ruralis;Large;Rockwool;5,00E-04;0,0045;0,005;12,5;S. ruralis:Large;19;4,157250431;3,652181193;3,652181193;7,426827726;2,758899418;2,639307777;2,526262474;15;2,249828074;2,138540252;2,138540252;5,00E-04
1;F2;C4;D. scoparium Small;0;0;303;641;D. scoparium Small;D. scoparium;Small;Rockwool;0;0,004;0,004;0;D. scoparium:Small;1;0;0;0;0,15128593;-1,438049877;-1,488934428;-1,542358559;2,5;0,859409015;0,84403228;0,84403228;0
1;F3;C4;H. cupressiforme Medium;0;0;137;634;H. cupressiforme Medium;H. cupressiforme;Medium;Rockwool;0;0,0037;0,0037;0;H. cupressiforme:Medium;1;0;0;0;0,15128593;-1,438049877;-1,488934428;-1,542358559;2,5;0,859409015;0,84403228;0,84403228;-0,00015
1;F4;C4;H. aureum Medium;32;69;176;612;H. aureum Medium;H. aureum;Medium;Rockwool;0,0018;0,003;0,0048;45;H. aureum:Medium;33;5,287235896;4,522924035;4,522924035;11,42579573;3,603758534;3,411533277;3,232116569;47,5;2,975060507;2,774103852;2,774103852;4,00E-04
1;F5;C4;S. ruralis Large;13;26;170;605;S. ruralis Large;S. ruralis;Large;Rockwool;3,00E-04;0,0041;0,0044;7,5;S. ruralis:Large;14;3,589238363;3,198936256;3,198936256;4,448806592;1,887419519;1,827485462;1,769986858;10;1,965285051;1,881367264;1,881367264;2,00E-04
1;F1;C5;P. capillare Large;18;46;194;606;P. capillare Large;P. capillare;Large;Rockwool;0,0014;0,0032;0,0046;35;P. capillare:Large;19;4,157250431;3,652181193;3,652181193;7,742045006;2,835700459;2,710072649;2,591465605;37,5;2,835809661;2,654391259;2,654391259;3,00E-04
1;F2;C5;D. scoparium Small;0;0;244;649;D. scoparium Small;D. scoparium;Small;Rockwool;0;0,0039;0,0039;0;D. scoparium:Small;1;0;0;0;0,15128593;-1,438049877;-1,488934428;-1,542358559;2,5;0,859409015;0,84403228;0,84403228;-5,00E-05
1;F3;C5;T. squarrosa Medium;49;40;285;642;T. squarrosa Medium;T. squarrosa;Medium;Rockwool;3,00E-04;0,0053;0,0056;7,5;T. squarrosa:Medium;50;6,23399537;5,224619245;5,224619245;6,381815525;2,486772897;2,387593487;2,293428564;10;1,965285051;1,881367264;1,881367264;8,00E-04
1;F4;C5;T. squarrosa Small;39;33;241;634;T. squarrosa Small;T. squarrosa;Small;Rockwool;1,00E-04;0,0045;0,0046;2,5;T. squarrosa:Small;40;5,714705386;4,842667481;4,842667481;5,356333249;2,187605798;2,109035868;2,034059564;5;1,439425073;1,395339575;1,395339575;3,00E-04
1;F5;C5;D. scoparium Large;0;0;158;598;D. scoparium Large;D. scoparium;Large;Rockwool;0;0,0047;0,0047;0;D. scoparium:Large;1;0;0;0;0,15128593;-1,438049877;-1,488934428;-1,542358559;2,5;0,859409015;0,84403228;0,84403228;0,00035
1;F1;C1;T. squarrosa Large;57;64;168;600;T. squarrosa Large;T. squarrosa;Large;Rockwool;0,0013;0,0033;0,0046;32,5;T. squarrosa:Large;58;6,593929488;5,485424558;5,485424558;10,8179526;3,490335538;3,308628244;3,138754107;35;2,794282305;2,618470666;2,618470666;3,00E-04
1;F2;C1;P. capillare Medium;31;30;135;648;P. capillare Medium;P. capillare;Medium;Rockwool;0,0011;0,0041;0,0052;27,5;P. capillare:Medium;32;5,22053765;4,472580273;4,472580273;4,78091556;2,00183718;1,935049623;1,871108109;30;2,700020751;2,536566482;2,536566482;6,00E-04
1;F3;C1;D. scoparium Large;1;1;130;648;D. scoparium Large;D. scoparium;Large;Rockwool;0;0,004;0,004;0;D. scoparium:Large;2;0,749380678;0,728256317;0,728256317;0,305606918;-0,995892261;-1,018668786;-1,042164475;2,5;0,859409015;0,84403228;0,84403228;0
1;F4;C1;P. capillare Medium;11;15;121;632;P. capillare Medium;P. capillare;Medium;Rockwool;7,00E-04;0,0045;0,0052;17,5;P. capillare:Medium;12;3,316828225;2,977474294;2,977474294;2,524703652;1,069139203;1,048466301;1,028312754;20;2,442045501;2,309845025;2,309845025;6,00E-04
1;F5;C1;P. capillare Large;11;34;142;642;P. capillare Large;P. capillare;Large;Rockwool;0,0011;0,0028;0,0039;27,5;P. capillare:Large;12;3,316828225;2,977474294;2,977474294;5,447236086;2,215661893;2,13524365;2,058540799;30;2,700020751;2,536566482;2,536566482;-5,00E-05
1;F1;C2;D. scoparium Medium;0;0;161;584;D. scoparium Medium;D. scoparium;Medium;Rockwool;0;0,0043;0,0043;0;D. scoparium:Medium;1;0;0;0;0,15128593;-1,438049877;-1,488934428;-1,542358559;2,5;0,859409015;0,84403228;0,84403228;0,00015
1;F2;C2;T. squarrosa Medium;119;81;196;650;T. squarrosa Medium;T. squarrosa;Medium;Rockwool;8,00E-04;0,0054;0,0062;20;T. squarrosa:Medium;120;8,539255362;6,845160054;6,845160054;12,61282439;3,813665496;3,601384205;3,403827991;22,5;2,518514759;2,377436186;2,377436186;0,0011
1;F3;C2;S. ruralis Medium;10;13;204;618;S. ruralis Medium;S. ruralis;Medium;Rockwool;4,00E-04;0,0049;0,0053;10;S. ruralis:Medium;11;3,167135005;2,854583782;2,854583782;2,254845801;0,922007935;0,906416524;0,89116873;12,5;2,123897034;2,025242465;2,025242465;0,00065
1;F4;C2;H. aureum Small;17;32;132;609;H. aureum Small;H. aureum;Small;Rockwool;4,00E-04;0,0038;0,0042;10;H. aureum:Small;18;4,053856483;3,57050252;3,57050252;5,40580153;2,202914398;2,123338158;2,047421694;12,5;2,123897034;2,025242465;2,025242465;1,00E-04
1;F5;C2;T. squarrosa Large;49;84;196;618;T. squarrosa Large;T. squarrosa;Large;Rockwool;0,0017;0,0044;0,0061;42,5;T. squarrosa:Large;50;6,23399537;5,224619245;5,224619245;13,74351894;4,001164023;3,77033658;3,556068833;45;2,943620169;2,747175048;2,747175048;0,00105
1;F1;C3;H. aureum Large;18;36;140;618;H. aureum Large;H. aureum;Large;Rockwool;8,00E-04;0,0036;0,0044;20;H. aureum:Large;19;4,157250431;3,652181193;3,652181193;5,976528649;2,372852836;2,281753181;2,195094899;22,5;2,518514759;2,377436186;2,377436186;2,00E-04
1;F3;C3;P. capillare Large;17;26;126;599;P. capillare Large;P. capillare;Large;Rockwool;0,0017;0,0035;0,0052;42,5;P. capillare:Large;18;4,053856483;3,57050252;3,57050252;4,491853543;1,902578758;1,841754714;1,783418374;45;2,943620169;2,747175048;2,747175048;6,00E-04
1;F4;C3;S. ruralis Medium;6;16;225;596;S. ruralis Medium;S. ruralis;Medium;Rockwool;2,00E-04;0,0045;0,0047;5;S. ruralis:Medium;7;2,434450912;2,239992636;2,239992636;2,835849689;1,22575114;1,198970528;1,172947732;7,5;1,75327197;1,687054115;1,687054115;0,00035
1;F5;C3;T. squarrosa Large;45;96;183;645;T. squarrosa Large;T. squarrosa;Large;Rockwool;0,0028;0,0029;0,0057;70;T. squarrosa:Large;46;6,036933863;5,080483826;5,080483826;15,03500686;4,202603749;3,951208038;3,71847235;72,5;3,212834817;2,975825264;2,975825264;0,00085
1;F1;C4;H. aureum Medium;32;78;154;607;H. aureum Medium;H. aureum;Medium;Rockwool;0,0044;5,00E-04;0,0049;110;H. aureum:Medium;33;5,287235896;4,522924035;4,522924035;13,0013683;3,879370772;3,660657136;3,45729829;112,5;3,445283407;3,169624707;3,169624707;0,00045
1;F2;C4;P. capillare Small;22;19;128;618;P. capillare Small;P. capillare;Small;Rockwool;2,00E-04;0,0032;0,0034;5;P. capillare:Small;23;4,532723152;3,945860173;3,945860173;3,225719587;1,405905654;1,371243794;1,337684903;7,5;1,75327197;1,687054115;1,687054115;-3,00E-04
1;F3;C4;H. cupressiforme Medium;6;7;116;595;H. cupressiforme Medium;H. cupressiforme;Medium;Rockwool;2,00E-04;0,0039;0,0041;5;H. cupressiforme:Medium;7;2,434450912;2,239992636;2,239992636;1,327756519;0,296023811;0,29431078;0,292610861;7,5;1,75327197;1,687054115;1,687054115;5,00E-05
1;F4;C4;H. aureum Large;17;60;156;622;H. aureum Large;H. aureum;Large;Rockwool;0,0015;0,0034;0,0049;37,5;H. aureum:Large;18;4,053856483;3,57050252;3,57050252;9,797588181;3,289509457;3,125859627;2,972419079;40;2,874290843;2,687587272;2,687587272;0,00045
1;F5;C4;H. cupressiforme Small;1;2;137;610;H. cupressiforme Small;H. cupressiforme;Small;Rockwool;0;0,0037;0,0037;0;H. cupressiforme:Small;2;0,749380678;0,728256317;0,728256317;0,479154783;-0,659486252;-0,66901688;-0,678735127;2,5;0,859409015;0,84403228;0,84403228;-0,00015
1;F1;C5;T. squarrosa Small;87;58;169;615;T. squarrosa Small;T. squarrosa;Small;Rockwool;4,00E-04;0,0032;0,0036;10;T. squarrosa:Small;88;7,670818172;6,247966672;6,247966672;9,582180239;3,245267114;3,085496227;2,935594534;12,5;2,123897034;2,025242465;2,025242465;-2,00E-04
1;F2;C5;P. capillare Medium;29;52;104;602;P. capillare Medium;P. capillare;Medium;Rockwool;0,001;0,0035;0,0045;25;P. capillare:Medium;30;5,08212168;4,367701359;4,367701359;8,789159685;3,076150992;2,930869444;2,794215546;27,5;2,645899869;2,489311414;2,489311414;0,00025
1;F3;C5;H. cupressiforme Small;1;1;144;590;H. cupressiforme Small;H. cupressiforme;Small;Rockwool;0;0,0037;0,0037;0;H. cupressiforme:Small;2;0,749380678;0,728256317;0,728256317;0,320777456;-0,961815703;-0,982955388;-1,004735601;2,5;0,859409015;0,84403228;0,84403228;-0,00015
1;F4;C5;D. scoparium Medium;1;1;193;640;D. scoparium Medium;D. scoparium;Medium;Rockwool;0;0,0039;0,0039;0;D. scoparium:Medium;2;0,749380678;0,728256317;0,728256317;0,30753593;-0,991494742;-1,014056099;-1,037326092;2,5;0,859409015;0,84403228;0,84403228;-5,00E-05
1;F5;C5;D. scoparium Medium;0;0;163;611;D. scoparium Medium;D. scoparium;Medium;Rockwool;0;0,0042;0,0042;0;D. scoparium:Medium;1;0;0;0;0,15128593;-1,438049877;-1,488934428;-1,542358559;2,5;0,859409015;0,84403228;0,84403228;1,00E-04
1;F1;C1;H. cupressiforme Medium;6;14;123;593;H. cupressiforme Medium;H. cupressiforme;Medium;Rockwool;0,003;0,0038;0,0068;75;H. cupressiforme:Medium;7;2,434450912;2,239992636;2,239992636;2,512162828;1,062551244;1,042119665;1,022198601;77,5;3,24905455;3,006247841;3,006247841;0,0014
1;F2;C1;H. aureum Medium;18;31;132;623;H. aureum Medium;H. aureum;Medium;Rockwool;0,002;0,0021;0,0041;50;H. aureum:Medium;19;4,157250431;3,652181193;3,652181193;5,127208884;2,115385749;2,041491155;1,970887502;52,5;3,03262894;2,823258375;2,823258375;5,00E-05
1;F3;C1;S. ruralis Small;2;3;218;650;S. ruralis Small;S. ruralis;Small;Rockwool;0;0,0041;0,0041;0;S. ruralis:Small;3;1,244331032;1,188548685;1,188548685;0,612824392;-0,455078309;-0,459497594;-0,463974917;2,5;0,859409015;0,84403228;0,84403228;5,00E-05
1;F5;C1;H. cupressiforme Large;20;52;128;600;H. cupressiforme Large;H. cupressiforme;Large;Rockwool;7,00E-04;0,0035;0,0042;17,5;H. cupressiforme:Large;21;4,351951458;3,805033889;3,805033889;8,817952597;3,082473475;2,936659993;2,799518913;20;2,442045501;2,309845025;2,309845025;1,00E-04
1;F1;C2;D. scoparium Small;0;0;192;577;D. scoparium Small;D. scoparium;Small;Rockwool;0;0,0038;0,0038;0;D. scoparium:Small;1;0;0;0;0,15128593;-1,438049877;-1,488934428;-1,542358559;2,5;0,859409015;0,84403228;0,84403228;-1,00E-04
1;F2;C2;D. scoparium Large;1;3;139;605;D. scoparium Large;D. scoparium;Large;Rockwool;0;0,0039;0,0039;0;D. scoparium:Large;2;0,749380678;0,728256317;0,728256317;0,647153699;-0,407699141;-0,411225018;-0,414792067;2,5;0,859409015;0,84403228;0,84403228;-5,00E-05
1;F3;C2;S. ruralis Large;14;60;145;619;S. ruralis Large;S. ruralis;Large;Rockwool;0,0023;0,0031;0,0054;57,5;S. ruralis:Large;15;3,714216153;3,299630181;3,299630181;9,844339242;3,299021868;3,134533312;2,980327989;60;3,108178952;2,887462926;2,887462926;7,00E-04
1;F4;C2;P. capillare Small;6;8;120;621;P. capillare Small;P. capillare;Small;Rockwool;0;0,003;0,003;0;P. capillare:Small;7;2,434450912;2,239992636;2,239992636;1,439530697;0,385188238;0,382315365;0,379470767;2,5;0,859409015;0,84403228;0,84403228;-5,00E-04
1;F5;C2;H. cupressiforme Large;15;45;99;605;H. cupressiforme Large;H. cupressiforme;Large;Rockwool;9,00E-04;0,0038;0,0047;22,5;H. cupressiforme:Large;16;3,832872411;3,394716553;3,394716553;7,589302459;2,798763278;2,676053375;2,560133731;25;2,585847888;2,436684144;2,436684144;0,00035
1;F1;C3;T. squarrosa Small;49;39;164;604;T. squarrosa Small;T. squarrosa;Small;Rockwool;6,00E-04;0,004;0,0046;15;T. squarrosa:Small;50;6,23399537;5,224619245;5,224619245;6,608239573;2,548234549;2,444580362;2,34626646;17,5;2,353797224;2,231445193;2,231445193;3,00E-04
1;F2;C3;H. aureum Small;10;34;122;645;H. aureum Small;H. aureum;Small;Rockwool;2,00E-04;0,0038;0,004;5;H. aureum:Small;11;3,167135005;2,854583782;2,854583782;5,42260376;2,208091847;2,128174067;2,051938593;7,5;1,75327197;1,687054115;1,687054115;0
1;F3;C3;S. ruralis Small;2;4;190;643;S. ruralis Small;S. ruralis;Small;Rockwool;0;0,0045;0,0045;0;S. ruralis:Small;3;1,244331032;1,188548685;1,188548685;0,773369912;-0,247245353;-0,248516728;-0,249796885;2,5;0,859409015;0,84403228;0,84403228;0,00025
1;F4;C3;H. aureum Medium;24;77;162;621;H. aureum Medium;H. aureum;Medium;Rockwool;0,0025;0,0018;0,0043;62,5;H. aureum:Medium;25;4,701652943;4,076537672;4,076537672;12,55064181;3,803019568;3,591773625;3,395152068;65;3,152786714;2,925208426;2,925208426;0,00015
1;F5;C3;H. aureum Large;12;36;114;631;H. aureum Large;H. aureum;Large;Rockwool;0,0021;0,0023;0,0044;52,5;H. aureum:Large;13;3,457112182;3,091865728;3,091865728;5,856515724;2,338088826;2,249398583;2,164982722;55;3,059111335;2,845803271;2,845803271;2,00E-04
1;F1;C4;H. cupressiforme Large;11;21;87;616;H. cupressiforme Large;H. cupressiforme;Large;Rockwool;8,00E-04;0,0035;0,0043;20;H. cupressiforme:Large;12;3,316828225;2,977474294;2,977474294;3,560376839;1,548796192;1,507257546;1,467152996;22,5;2,518514759;2,377436186;2,377436186;0,00015
1;F2;C4;T. squarrosa Large;64;85;161;631;T. squarrosa Large;T. squarrosa;Large;Rockwool;0,0013;0,0045;0,0058;32,5;T. squarrosa:Large;65;6,87842493;5,689396189;5,689396189;13,62196739;3,981535667;3,752677094;3,540180723;35;2,794282305;2,618470666;2,618470666;9,00E-04
1;F3;C4;S. ruralis Large;18;24;135;634;S. ruralis Large;S. ruralis;Large;Rockwool;0,0011;0,0043;0,0054;27,5;S. ruralis:Large;19;4,157250431;3,652181193;3,652181193;3,936774889;1,698728748;1,649401173;1,601912511;30;2,700020751;2,536566482;2,536566482;7,00E-04
1;F4;C4;D. scoparium Medium;0;0;183;625;D. scoparium Medium;D. scoparium;Medium;Rockwool;0;0,0038;0,0038;0;D. scoparium:Medium;1;0;0;0;0,15128593;-1,438049877;-1,488934428;-1,542358559;2,5;0,859409015;0,84403228;0,84403228;-1,00E-04
1;F5;C4;S. ruralis Medium;8;29;202;666;S. ruralis Medium;S. ruralis;Medium;Rockwool;1,00E-04;0,0046;0,0047;2,5;S. ruralis:Medium;9;2,832742;2,576865771;2,576865771;4,505640285;1,907412426;1,846303435;1,787698946;5;1,439425073;1,395339575;1,395339575;0,00035
1;F1;C5;H. aureum Small;8;18;104;599;H. aureum Small;H. aureum;Small;Rockwool;3,00E-04;0,0025;0,0028;7,5;H. aureum:Small;9;2,832742;2,576865771;2,576865771;3,156294278;1,374980948;1,34173539;1,309527936;10;1,965285051;1,881367264;1,881367264;-6,00E-04
1;F2;C5;H. aureum Small;9;10;109;652;H. aureum Small;H. aureum;Small;Rockwool;1,00E-04;0,0035;0,0036;2,5;H. aureum:Small;10;3,006452417;2,721696483;2,721696483;1,685028262;0,565296248;0,55922377;0,553236995;5;1,439425073;1,395339575;1,395339575;-2,00E-04
1;F3;C5;H. aureum Large;16;65;119;636;H. aureum Large;H. aureum;Large;Rockwool;0,0017;0,0033;0,005;42,5;H. aureum:Large;17;3,945893628;3,484830417;3,484830417;10,37141172;3,404148089;3,230279959;3,067531959;45;2,943620169;2,747175048;2,747175048;5,00E-04
1;F4;C5;P. capillare Small;28;31;153;625;P. capillare Small;P. capillare;Small;Rockwool;2,00E-04;0,0025;0,0027;5;P. capillare:Small;29;5,0102043;4,312991602;4,312991602;5,11128593;2,110283888;2,03671505;1,966416353;7,5;1,75327197;1,687054115;1,687054115;-0,00065
1;F5;C5;T. squarrosa Medium;48;51;145;635;T. squarrosa Medium;T. squarrosa;Medium;Rockwool;5,00E-04;0,0044;0,0049;12,5;T. squarrosa:Medium;49;6,185913213;5,189540203;5,189540203;8,182781993;2,939511661;2,805537573;2,679255315;15;2,249828074;2,138540252;2,138540252;0,00045
2;F1;C1;D. scoparium Medium;1;4;127;655;D. scoparium Medium;D. scoparium;Medium;Rockwool;3,00E-04;0,0035;0,0038;7,5;D. scoparium:Medium;2;0,749380678;0,728256317;0,728256317;0,761972953;-0,260948584;-0,262367142;-0,263796062;10;1,965285051;1,881367264;1,881367264;-1,00E-04
2;F2;C1;P. capillare Small;6;8;110;655;P. capillare Small;P. capillare;Small;Rockwool;3,00E-04;0,003;0,0033;7,5;P. capillare:Small;7;2,434450912;2,239992636;2,239992636;1,372659976;0,332450364;0,330298252;0,328164548;10;1,965285051;1,881367264;1,881367264;-0,00035
2;F3;C1;P. capillare Medium;26;80;140;605;P. capillare Medium;P. capillare;Medium;Rockwool;0,001;0,0033;0,0043;25;P. capillare:Medium;27;4,860377204;4,198527849;4,198527849;13,37442643;3,941181692;3,716350957;3,507480394;27,5;2,645899869;2,489311414;2,489311414;0,00015
2;F4;C1;D. scoparium Small;0;0;190;651;D. scoparium Small;D. scoparium;Small;Rockwool;0;0,0036;0,0036;0;D. scoparium:Small;1;0;0;0;0,15128593;-1,438049877;-1,488934428;-1,542358559;2,5;0,859409015;0,84403228;0,84403228;-2,00E-04
2;F5;C1;D. scoparium Small;0;0;153;574;D. scoparium Small;D. scoparium;Small;Rockwool;0;0,0037;0,0037;0;D. scoparium:Small;1;0;0;0;0,15128593;-1,438049877;-1,488934428;-1,542358559;2,5;0,859409015;0,84403228;0,84403228;-0,00015
2;F1;C2;H. aureum Medium;19;13;116;638;H. aureum Medium;H. aureum;Medium;Rockwool;0,0021;0,0028;0,0049;52,5;H. aureum:Medium;20;4,256494729;3,730248731;3,730248731;2,188903485;0,884204608;0,869813015;0,855726955;55;3,059111335;2,845803271;2,845803271;0,00045
2;F2;C2;H. cupressiforme Medium;7;12;110;636;H. cupressiforme Medium;H. cupressiforme;Medium;Rockwool;2,00E-04;0,0033;0,0035;5;H. cupressiforme:Medium;8;2,643304734;2,417492934;2,417492934;2,038078383;0,794654265;0,782927977;0,771427835;7,5;1,75327197;1,687054115;1,687054115;-0,00025
2;F3;C2;S. ruralis Medium;3;5;179;608;S. ruralis Medium;S. ruralis;Medium;Rockwool;3,00E-04;0,0049;0,0052;7,5;S. ruralis:Medium;4;1,623555001;1,531512651;1,531512651;0,973654351;-0,026591199;-0,026605528;-0,026619866;10;1,965285051;1,881367264;1,881367264;6,00E-04
2;F4;C2;H. aureum Large;11;49;132;644;H. aureum Large;H. aureum;Large;Rockwool;0,0018;0,004;0,0058;45;H. aureum:Large;12;3,316828225;2,977474294;2,977474294;7,759981583;2,840004573;2,714034974;2,595113282;47,5;2,975060507;2,774103852;2,774103852;9,00E-04
2;F5;C2;D. scoparium Large;3;7;107;557;D. scoparium Large;D. scoparium;Large;Rockwool;0;0,0038;0,0038;0;D. scoparium:Large;4;1,623555001;1,531512651;1,531512651;1,408018426;0,360553593;0,358029838;0,355529409;2,5;0,859409015;0,84403228;0,84403228;-1,00E-04
2;F1;C3;S. ruralis Medium;6;13;167;629;S. ruralis Medium;S. ruralis;Medium;Rockwool;0;0,0036;0,0036;0;S. ruralis:Medium;7;2,434450912;2,239992636;2,239992636;2,218058585;0,901015141;0,886095429;0,871497841;2,5;0,859409015;0,84403228;0,84403228;-2,00E-04
2;F2;C3;D. scoparium Medium;0;0;169;621;D. scoparium Medium;D. scoparium;Medium;Rockwool;0;0,0034;0,0034;0;D. scoparium:Medium;1;0;0;0;0,15128593;-1,438049877;-1,488934428;-1,542358559;2,5;0,859409015;0,84403228;0,84403228;-3,00E-04
2;F4;C3;S. ruralis Large;15;35;126;643;S. ruralis Large;S. ruralis;Large;Rockwool;5,00E-04;0,0027;0,0032;12,5;S. ruralis:Large;16;3,832872411;3,394716553;3,394716553;5,594520767;2,260434831;2,17703022;2,097540197;15;2,249828074;2,138540252;2,138540252;-4,00E-04
2;F5;C3;T. squarrosa Medium;109;70;180;631;T. squarrosa Medium;T. squarrosa;Medium;Rockwool;3,00E-04;0,0042;0,0045;7,5;T. squarrosa:Medium;110;8,28955202;6,674970659;6,674970659;11,24478831;3,570431689;3,381320453;3,204726795;10;1,965285051;1,881367264;1,881367264;0,00025
2;F1;C4;H. cupressiforme Small;1;4;111;648;H. cupressiforme Small;H. cupressiforme;Small;Rockwool;0;0,0033;0,0033;0;H. cupressiforme:Small;2;0,749380678;0,728256317;0,728256317;0,768569881;-0,252999439;-0,254331606;-0,255673196;2,5;0,859409015;0,84403228;0,84403228;-0,00035
2;F2;C4;D. scoparium Large;2;7;78;620;D. scoparium Large;D. scoparium;Large;Rockwool;2,00E-04;0,0039;0,0041;5;D. scoparium:Large;3;1,244331032;1,188548685;1,188548685;1,280318188;0,256595873;0,25530327;0,254019288;7,5;1,75327197;1,687054115;1,687054115;5,00E-05
2;F3;C4;D. scoparium Large;1;2;142;613;D. scoparium Large;D. scoparium;Large;Rockwool;0;0,0051;0,0051;0;D. scoparium:Large;2;0,749380678;0,728256317;0,728256317;0,477550204;-0,662168921;-0,67178068;-0,681582511;2,5;0,859409015;0,84403228;0,84403228;0,00055
2;F4;C4;H. cupressiforme Large;6;12;109;600;H. cupressiforme Large;H. cupressiforme;Large;Rockwool;4,00E-04;0,0036;0,004;10;H. cupressiforme:Large;7;2,434450912;2,239992636;2,239992636;2,15128593;0,862282539;0,848566535;0,835135244;12,5;2,123897034;2,025242465;2,025242465;0
2;F5;C4;D. scoparium Small;0;0;183;574;D. scoparium Small;D. scoparium;Small;Rockwool;0;0,0034;0,0034;0;D. scoparium:Small;1;0;0;0;0,15128593;-1,438049877;-1,488934428;-1,542358559;2,5;0,859409015;0,84403228;0,84403228;-3,00E-04
2;F1;C5;T. squarrosa Small;114;85;145;658;T. squarrosa Small;T. squarrosa;Small;Rockwool;7,00E-04;0,0044;0,0051;17,5;T. squarrosa:Small;115;8,416515433;6,761654173;6,761654173;13,06921906;3,890703902;3,670873457;3,466507857;20;2,442045501;2,309845025;2,309845025;0,00055
2;F2;C5;P. capillare Small;14;13;110;629;P. capillare Small;P. capillare;Small;Rockwool;0;0,0031;0,0031;0;P. capillare:Small;15;3,714216153;3,299630181;3,299630181;2,218058585;0,901015141;0,886095429;0,871497841;2,5;0,859409015;0,84403228;0,84403228;-0,00045
2;F3;C5;P. capillare Medium;46;53;134;615;P. capillare Medium;P. capillare;Medium;Rockwool;0,0024;0,0036;0,006;60;P. capillare:Medium;47;6,087412047;5,117497469;5,117497469;8,769172109;3,071753532;2,926841508;2,790526082;62,5;3,130992117;2,906781866;2,906781866;0,001
2;F4;C5;P. capillare Medium;33;49;128;620;P. capillare Medium;P. capillare;Medium;Rockwool;0,002;0,0034;0,0054;50;P. capillare:Medium;34;5,352380183;4,571974579;4,571974579;8,054511737;2,909709431;2,778153226;2,654092685;52,5;3,03262894;2,823258375;2,823258375;7,00E-04
2;F5;C5;H. cupressiforme Small;4;3;157;611;H. cupressiforme Small;H. cupressiforme;Small;Rockwool;0;0,0038;0,0038;0;H. cupressiforme:Small;5;1,934861167;1,807312725;1,807312725;0,642284294;-0,414311253;-0,417955443;-0,421642921;2,5;0,859409015;0,84403228;0,84403228;-1,00E-04
2;F1;C1;T. squarrosa Large;41;54;167;608;T. squarrosa Large;T. squarrosa;Large;Rockwool;0,002;0,0044;0,0064;50;T. squarrosa:Large;42;5,826058433;4,925154443;4,925154443;9,032864878;3,129216268;2,979446464;2,83868393;52,5;3,03262894;2,823258375;2,823258375;0,0012
2;F2;C1;H. cupressiforme Small;6;7;172;642;H. cupressiforme Small;H. cupressiforme;Small;Rockwool;0;0,0035;0,0035;0;H. cupressiforme:Small;7;2,434450912;2,239992636;2,239992636;1,24162861;0,2236785;0,222692735;0,221712727;2,5;0,859409015;0,84403228;0,84403228;-0,00025
2;F3;C1;H. aureum Small;26;24;133;653;H. aureum Small;H. aureum;Small;Rockwool;5,00E-04;0,0019;0,0024;12,5;H. aureum:Small;27;4,860377204;4,198527849;4,198527849;3,826630494;1,655928236;1,608882845;1,563554673;15;2,249828074;2,138540252;2,138540252;-8,00E-04
2;F4;C1;S. ruralis Small;3;5;184;595;S. ruralis Small;S. ruralis;Small;Rockwool;0;0,0037;0,0037;0;S. ruralis:Small;4;1,623555001;1,531512651;1,531512651;0,991622065;-0,008402512;-0,008403939;-0,008405367;2,5;0,859409015;0,84403228;0,84403228;-0,00015
2;F5;C1;T. squarrosa Medium;93;39;161;650;T. squarrosa Medium;T. squarrosa;Medium;Rockwool;6,00E-04;0,0039;0,0045;15;T. squarrosa:Medium;94;7,850523607;6,372783059;6,372783059;6,15128593;2,422614885;2,328020396;2,238112731;17,5;2,353797224;2,231445193;2,231445193;0,00025
2;F1;C2;H. aureum Medium;28;45;152;601;H. aureum Medium;H. aureum;Medium;Rockwool;0,002;0,0019;0,0039;50;H. aureum:Medium;29;5,0102043;4,312991602;4,312991602;7,638806729;2,810791015;2,687133972;2,570341771;52,5;3,03262894;2,823258375;2,823258375;-5,00E-05
2;F2;C2;H. cupressiforme Large;13;16;98;625;H. cupressiforme Large;H. cupressiforme;Large;Rockwool;6,00E-04;0,0033;0,0039;15;H. cupressiforme:Large;14;3,589238363;3,198936256;3,198936256;2,71128593;1,164565393;1,140254955;1,116602592;17,5;2,353797224;2,231445193;2,231445193;-5,00E-05
2;F3;C2;T. squarrosa Large;42;50;154;645;T. squarrosa Large;T. squarrosa;Large;Rockwool;0,0016;0,0042;0,0058;40;T. squarrosa:Large;43;5,880194803;4,965140104;4,965140104;7,903223915;2,874131071;2,745438409;2,624010936;42,5;2,910119852;2,718417311;2,718417311;9,00E-04
2;F4;C2;S. ruralis Medium;6;10;180;620;S. ruralis Medium;S. ruralis;Medium;Rockwool;3,00E-04;0,0045;0,0048;7,5;S. ruralis:Medium;7;2,434450912;2,239992636;2,239992636;1,764189156;0,619445147;0,61219379;0,605053814;10;1,965285051;1,881367264;1,881367264;4,00E-04
2;F5;C2;T. squarrosa Medium;102;66;153;651;T. squarrosa Medium;T. squarrosa;Medium;Rockwool;8,00E-04;0,0049;0,0057;20;T. squarrosa:Medium;103;8,104037157;6,547746631;6,547746631;10,28953478;3,388065651;3,215645474;3,054215064;22,5;2,518514759;2,377436186;2,377436186;0,00085
2;F1;C3;T. squarrosa Small;100;99;184;606;T. squarrosa Small;T. squarrosa;Small;Rockwool;3,00E-04;0,0039;0,0042;7,5;T. squarrosa:Small;101;8,04923533;6,510034125;6,510034125;16,48791959;4,415286886;4,141473717;3,888683638;10;1,965285051;1,881367264;1,881367264;1,00E-04
2;F2;C3;S. ruralis Medium;5;7;191;614;S. ruralis Medium;S. ruralis;Medium;Rockwool;3,00E-04;0,0043;0,0046;7,5;S. ruralis:Medium;6;2,200928961;2,03920857;2,03920857;1,291351077;0,26585547;0,264469288;0,263092672;10;1,965285051;1,881367264;1,881367264;3,00E-04
2;F3;C3;P. capillare Large;34;48;160;623;P. capillare Large;P. capillare;Large;Rockwool;0,0026;0,0025;0,0051;65;P. capillare:Large;35;5,416050865;4,619801732;4,619801732;7,855940826;2,862914217;2,735119144;2,614517433;67,5;3,173644859;2,942815852;2,942815852;0,00055
2;F4;C3;D. scoparium Medium;0;0;182;615;D. scoparium Medium;D. scoparium;Medium;Rockwool;0;0,0039;0,0039;0;D. scoparium:Medium;1;0;0;0;0,15128593;-1,438049877;-1,488934428;-1,542358559;2,5;0,859409015;0,84403228;0,84403228;-5,00E-05
2;F5;C3;T. squarrosa Large;46;84;155;660;T. squarrosa Large;T. squarrosa;Large;Rockwool;0,0023;0,0041;0,0064;57,5;T. squarrosa:Large;47;6,087412047;5,117497469;5,117497469;12,87855866;3,858752571;3,642065212;3,440533508;60;3,108178952;2,887462926;2,887462926;0,0012
2;F1;C4;H. aureum Medium;23;58;132;600;H. aureum Medium;H. aureum;Medium;Rockwool;0,0018;0,0023;0,0041;45;H. aureum:Medium;24;4,618557122;4,012368009;4,012368009;9,817952597;3,293656873;3,129641563;2,975867742;47,5;2,975060507;2,774103852;2,774103852;5,00E-05
2;F2;C4;H. cupressiforme Medium;9;15;110;651;H. cupressiforme Medium;H. cupressiforme;Medium;Rockwool;3,00E-04;0,0036;0,0039;7,5;H. cupressiforme:Medium;10;3,006452417;2,721696483;2,721696483;2,455433396;1,032460321;1,013114713;0,994240426;10;1,965285051;1,881367264;1,881367264;-5,00E-05
2;F3;C4;D. scoparium Medium;0;0;210;645;D. scoparium Medium;D. scoparium;Medium;Rockwool;0;0,0041;0,0041;0;D. scoparium:Medium;1;0;0;0;0,15128593;-1,438049877;-1,488934428;-1,542358559;2,5;0,859409015;0,84403228;0,84403228;5,00E-05
2;F4;C4;H. aureum Large;18;52;158;646;H. aureum Large;H. aureum;Large;Rockwool;0,0027;0,0026;0,0053;67,5;H. aureum:Large;19;4,157250431;3,652181193;3,652181193;8,200821534;2,943676784;2,809363385;2,682769458;70;3,193639309;2,959668938;2,959668938;0,00065
2;F5;C4;H. cupressiforme Small;0;0;124;675;H. cupressiforme Small;H. cupressiforme;Small;Rockwool;0;0,0033;0,0033;0;H. cupressiforme:Small;1;0;0;0;0,15128593;-1,438049877;-1,488934428;-1,542358559;2,5;0,859409015;0,84403228;0,84403228;-0,00035
2;F1;C5;P. capillare Small;6;9;119;600;P. capillare Small;P. capillare;Small;Rockwool;1,00E-04;0,0026;0,0027;2,5;P. capillare:Small;7;2,434450912;2,239992636;2,239992636;1,65128593;0,541675621;0,536086459;0,53057311;5;1,439425073;1,395339575;1,395339575;-0,00065
2;F2;C5;P. capillare Medium;38;39;160;626;P. capillare Medium;P. capillare;Medium;Rockwool;0,0017;0,0029;0,0046;42,5;P. capillare:Medium;39;5,657396985;4,800087759;4,800087759;6,381317879;2,486636152;2,387466609;2,293310839;45;2,943620169;2,747175048;2,747175048;3,00E-04
2;F3;C5;P. capillare Large;21;22;113;640;P. capillare Large;P. capillare;Large;Rockwool;0,0032;0,0023;0,0055;80;P. capillare:Large;22;4,443935633;3,876821527;3,876821527;3,58878593;1,560487888;1,518362713;1,477701058;82,5;3,282700208;3,034434656;3,034434656;0,00075
2;F4;C5;H. cupressiforme Large;14;17;89;618;H. cupressiforme Large;H. cupressiforme;Large;Rockwool;9,00E-04;0,0028;0,0037;22,5;H. cupressiforme:Large;15;3,714216153;3,299630181;3,299630181;2,902094992;1,257530497;1,229425069;1,202132688;25;2,585847888;2,436684144;2,436684144;-0,00015
2;F1;C1;P. capillare Small;17;23;157;600;P. capillare Small;P. capillare;Small;Rockwool;3,00E-04;0,0028;0,0031;7,5;P. capillare:Small;18;4,053856483;3,57050252;3,57050252;3,984619264;1,717060556;1,666741336;1,61831467;10;1,965285051;1,881367264;1,881367264;-0,00045
2;F2;C1;H. aureum Large;8;12;114;653;H. aureum Large;H. aureum;Large;Rockwool;5,00E-04;0,0036;0,0041;12,5;H. aureum:Large;9;2,832742;2,576865771;2,576865771;1,988958212;0,76449472;0,75360927;0,742926522;15;2,249828074;2,138540252;2,138540252;5,00E-05
2;F3;C1;T. squarrosa Small;92;80;204;620;T. squarrosa Small;T. squarrosa;Small;Rockwool;5,00E-04;0,0041;0,0046;12,5;T. squarrosa:Small;93;7,821204591;6,352464527;6,352464527;13,05451174;3,888250821;3,668662294;3,464514754;15;2,249828074;2,138540252;2,138540252;3,00E-04
2;F4;C1;S. ruralis Small;0;0;144;610;S. ruralis Small;S. ruralis;Small;Rockwool;0;0,0034;0,0034;0;S. ruralis:Small;1;0;0;0;0,15128593;-1,438049877;-1,488934428;-1,542358559;2,5;0,859409015;0,84403228;0,84403228;-3,00E-04
2;F5;C1;H. aureum Small;15;19;130;674;H. aureum Small;H. aureum;Small;Rockwool;1,00E-04;0,0028;0,0029;2,5;H. aureum:Small;16;3,832872411;3,394716553;3,394716553;2,970277028;1,289715277;1,260239287;1,231634711;5;1,439425073;1,395339575;1,395339575;-0,00055
2;F1;C2;T. squarrosa Small;107;56;130;598;T. squarrosa Small;T. squarrosa;Small;Rockwool;3,00E-04;0,0028;0,0031;7,5;T. squarrosa:Small;108;8,237507697;6,63934736;6,63934736;9,515834425;3,231500936;3,072929587;2,924122907;10;1,965285051;1,881367264;1,881367264;-0,00045
2;F2;C2;H. cupressiforme Medium;9;10;126;625;H. cupressiforme Medium;H. cupressiforme;Medium;Rockwool;0;0,003;0,003;0;H. cupressiforme:Medium;10;3,006452417;2,721696483;2,721696483;1,75128593;0,610736035;0,603680902;0,596732731;2,5;0,859409015;0,84403228;0,84403228;-5,00E-04
2;F3;C2;T. squarrosa Large;41;81;179;624;T. squarrosa Large;T. squarrosa;Large;Rockwool;0,0024;0,0043;0,0067;60;T. squarrosa:Large;42;5,826058433;4,925154443;4,925154443;13,13205516;3,901162916;3,680299896;3,475003663;62,5;3,130992117;2,906781866;2,906781866;0,00135
2;F4;C2;T. squarrosa Medium;78;61;189;626;T. squarrosa Medium;T. squarrosa;Medium;Rockwool;5,00E-04;0,004;0,0045;12,5;T. squarrosa:Medium;79;7,382489055;6,046294696;6,046294696;9,895694876;3,309434949;3,144026341;2,988982258;15;2,249828074;2,138540252;2,138540252;0,00025
2;F5;C2;S. ruralis Small;1;1;140;661;S. ruralis Small;S. ruralis;Small;Rockwool;0;0,0036;0,0036;0;S. ruralis:Small;2;0,749380678;0,728256317;0,728256317;0,302571861;-1,002850534;-1,025969922;-1,04982537;2,5;0,859409015;0,84403228;0,84403228;-2,00E-04
2;F1;C3;D. scoparium Large;3;12;148;623;D. scoparium Large;D. scoparium;Large;Rockwool;2,00E-04;0,0035;0,0037;5;D. scoparium:Large;4;1,623555001;1,531512651;1,531512651;2,077449654;0,818464301;0,806053857;0,793889218;7,5;1,75327197;1,687054115;1,687054115;-0,00015
2;F2;C3;S. ruralis Large;25;76;128;621;S. ruralis Large;S. ruralis;Large;Rockwool;0,0013;0,0037;0,005;32,5;S. ruralis:Large;26;4,782202432;4,13854013;4,13854013;12,38961121;3,7752785;3,566721425;3,372528111;35;2,794282305;2,618470666;2,618470666;5,00E-04
2;F3;C3;P. capillare Large;31;56;152;609;P. capillare Large;P. capillare;Large;Rockwool;0,0032;0,0017;0,0049;80;P. capillare:Large;32;5,22053765;4,472580273;4,472580273;9,346688229;3,196099285;3,040596473;2,894592355;82,5;3,282700208;3,034434656;3,034434656;0,00045
2;F4;C3;H. aureum Medium;21;34;112;612;H. aureum Medium;H. aureum;Medium;Rockwool;9,00E-04;0,0031;0,004;22,5;H. aureum:Medium;22;4,443935633;3,876821527;3,876821527;5,706841486;2,294030003;2,208355118;2,126748241;25;2,585847888;2,436684144;2,436684144;0
2;F5;C3;H. aureum Large;16;50;116;623;H. aureum Large;H. aureum;Large;Rockwool;0,0019;0,0026;0,0045;47,5;H. aureum:Large;17;3,945893628;3,484830417;3,484830417;8,176968113;2,93816794;2,804303245;2,678121475;50;3,004666406;2,79940753;2,79940753;0,00025
2;F1;C4;D. scoparium Small;0;0;196;619;D. scoparium Small;D. scoparium;Small;Rockwool;0;0,0032;0,0032;0;D. scoparium:Small;1;0;0;0;0,15128593;-1,438049877;-1,488934428;-1,542358559;2,5;0,859409015;0,84403228;0,84403228;-4,00E-04
2;F2;C4;P. capillare Large;28;35;118;600;P. capillare Large;P. capillare;Large;Rockwool;0,0024;0,0026;0,005;60;P. capillare:Large;29;5,0102043;4,312991602;4,312991602;5,984619264;2,375178866;2,283917054;2,19710792;62,5;3,130992117;2,906781866;2,906781866;5,00E-04
2;F3;C4;H. cupressiforme Large;23;47;129;627;H. cupressiforme Large;H. cupressiforme;Large;Rockwool;6,00E-04;0,0036;0,0042;15;H. cupressiforme:Large;24;4,618557122;4,012368009;4,012368009;7,64729869;2,812848789;2,689029413;2,572087685;17,5;2,353797224;2,231445193;2,231445193;1,00E-04
2;F5;C4;H. cupressiforme Medium;9;13;110;660;H. cupressiforme Medium;H. cupressiforme;Medium;Rockwool;2,00E-04;0,0032;0,0034;5;H. cupressiforme:Medium;10;3,006452417;2,721696483;2,721696483;2,1209829;0,844427975;0,831251186;0,818342823;7,5;1,75327197;1,687054115;1,687054115;-3,00E-04
2;F1;C5;H. aureum Small;20;26;128;598;H. aureum Small;H. aureum;Small;Rockwool;1,00E-04;0,0024;0,0025;2,5;H. aureum:Small;21;4,351951458;3,805033889;3,805033889;4,499112017;1,905124885;1,844150816;1,785673291;5;1,439425073;1,395339575;1,395339575;-0,00075
2;F2;C5;S. ruralis Small;7;9;142;595;S. ruralis Small;S. ruralis;Small;Rockwool;0;0,0035;0,0035;0;S. ruralis:Small;8;2,643304734;2,417492934;2,417492934;1,663890972;0,550538542;0,544770249;0,539081387;2,5;0,859409015;0,84403228;0,84403228;-0,00025
2;F3;C5;H. aureum Small;9;19;117;645;H. aureum Small;H. aureum;Small;Rockwool;0;0,0023;0,0023;0;H. aureum:Small;10;3,006452417;2,721696483;2,721696483;3,097022365;1,348201564;1,316161431;1,28510514;2,5;0,859409015;0,84403228;0,84403228;-0,00085
2;F4;C5;S. ruralis Large;18;33;131;619;S. ruralis Large;S. ruralis;Large;Rockwool;6,00E-04;0,0042;0,0048;15;S. ruralis:Large;19;4,157250431;3,652181193;3,652181193;5,482465252;2,226447225;2,145313719;2,06794304;17,5;2,353797224;2,231445193;2,231445193;4,00E-04
2;F5;C5;S. ruralis Large;20;49;122;638;S. ruralis Large;S. ruralis;Large;Rockwool;0,001;0,0041;0,0051;25;S. ruralis:Large;21;4,351951458;3,805033889;3,805033889;7,831536714;2,85710647;2,729775157;2,609600175;27,5;2,645899869;2,489311414;2,489311414;0,00055
3;F2;C1;P. capillare Small;17;19;103;677;P. capillare Small;P. capillare;Small;Rockwool;1,00E-04;0,0029;0,003;2,5;P. capillare:Small;18;4,053856483;3,57050252;3,57050252;2,957785192;1,283857421;1,254633033;1,226269253;5;1,439425073;1,395339575;1,395339575;-5,00E-04
3;F3;C1;P. capillare Large;25;38;114;614;P. capillare Large;P. capillare;Large;Rockwool;0,002;0,0036;0,0056;50;P. capillare:Large;26;4,782202432;4,13854013;4,13854013;6,340211012;2,475314922;2,376960819;2,283561757;52,5;3,03262894;2,823258375;2,823258375;8,00E-04
3;F4;C1;H. cupressiforme Medium;10;13;112;653;H. cupressiforme Medium;H. cupressiforme;Medium;Rockwool;3,00E-04;0,0032;0,0035;7,5;H. cupressiforme:Medium;11;3,167135005;2,854583782;2,854583782;2,142097569;0,85688737;0,843335349;0,830063054;10;1,965285051;1,881367264;1,881367264;-0,00025
3;F5;C1;H. aureum Large;11;26;115;594;H. aureum Large;H. aureum;Large;Rockwool;6,00E-04;0,004;0,0046;15;H. aureum:Large;12;3,316828225;2,977474294;2,977474294;4,528390308;1,915366153;1,853787061;1,794740256;17,5;2,353797224;2,231445193;2,231445193;3,00E-04
3;F1;C2;P. capillare Large;34;31;121;644;P. capillare Large;P. capillare;Large;Rockwool;0,0025;0,0033;0,0058;62,5;P. capillare:Large;35;5,416050865;4,619801732;4,619801732;4,964950527;2,062869767;1,992299532;1,924809794;65;3,152786714;2,925208426;2,925208426;9,00E-04
3;F2;C2;H. aureum Small;17;17;134;638;H. aureum Small;H. aureum;Small;Rockwool;4,00E-04;0,0026;0,003;10;H. aureum:Small;18;4,053856483;3,57050252;3,57050252;2,815862733;1,216061452;1,189679118;1,16403823;12,5;2,123897034;2,025242465;2,025242465;-5,00E-04
3;F3;C2;H. cupressiforme Small;0;0;132;620;H. cupressiforme Small;H. cupressiforme;Small;Rockwool;0;0,0032;0,0032;0;H. cupressiforme:Small;1;0;0;0;0,15128593;-1,438049877;-1,488934428;-1,542358559;2,5;0,859409015;0,84403228;0,84403228;-4,00E-04
3;F4;C2;H. aureum Medium;18;26;140;633;H. aureum Medium;H. aureum;Medium;Rockwool;9,00E-04;0,0023;0,0032;22,5;H. aureum:Medium;19;4,157250431;3,652181193;3,652181193;4,258710891;1,819225858;1,763226353;1,709435275;25;2,585847888;2,436684144;2,436684144;-4,00E-04
3;F5;C2;H. cupressiforme Medium;7;7;118;601;H. cupressiforme Medium;H. cupressiforme;Medium;Rockwool;0;0,003;0,003;0;H. cupressiforme:Medium;8;2,643304734;2,417492934;2,417492934;1,316011388;0,286354591;0,284749966;0,283157236;2,5;0,859409015;0,84403228;0,84403228;-5,00E-04
3;F1;C3;P. capillare Medium;45;58;134;671;P. capillare Medium;P. capillare;Medium;Rockwool;0,0012;0,0037;0,0049;30;P. capillare:Medium;46;6,036933863;5,080483826;5,080483826;8,795101132;3,077456823;2,932065474;2,795311006;32,5;2,749222476;2,579381676;2,579381676;0,00045
3;F2;C3;T. squarrosa Large;49;57;180;612;T. squarrosa Large;T. squarrosa;Large;Rockwool;0,0021;0,0042;0,0063;52,5;T. squarrosa:Large;50;6,23399537;5,224619245;5,224619245;9,465011421;3,220910288;3,063259368;2,915293123;55;3,059111335;2,845803271;2,845803271;0,00115
3;F3;C3;H. aureum Large;12;31;144;638;H. aureum Large;H. aureum;Large;Rockwool;0,00011;0,0037;0,00381;2,75;H. aureum:Large;13;3,457112182;3,091865728;3,091865728;5,0102201;2,077640421;2,006141643;1,937781732;5,25;1,478150005;1,431590738;1,431590738;-9,50E-05
3;F4;C3;H. aureum Small;22;38;129;655;H. aureum Small;H. aureum;Small;Rockwool;0,001;0,0024;0,0034;25;H. aureum:Small;23;4,532723152;3,945860173;3,945860173;5,952812648;2,36602188;2,275397754;2,189181898;27,5;2,645899869;2,489311414;2,489311414;-3,00E-04
3;F5;C3;H. cupressiforme Large;23;38;112;616;H. cupressiforme Large;H. cupressiforme;Large;Rockwool;0,001;0,0038;0,0048;25;H. cupressiforme:Large;24;4,618557122;4,012368009;4,012368009;6,320117099;2,46976224;2,371807081;2,278778298;27,5;2,645899869;2,489311414;2,489311414;4,00E-04
3;F1;C4;H. aureum Medium;14;28;107;664;H. aureum Medium;H. aureum;Medium;Rockwool;0,0011;0,0025;0,0036;27,5;H. aureum:Medium;15;3,714216153;3,299630181;3,299630181;4,3681534;1,858739536;1,800474029;1,744546902;30;2,700020751;2,536566482;2,536566482;-2,00E-04
3;F2;C4;D. scoparium Large;4;11;134;652;D. scoparium Large;D. scoparium;Large;Rockwool;7,00E-04;0,0038;0,0045;17,5;D. scoparium:Large;5;1,934861167;1,807312725;1,807312725;1,838402495;0,668692544;0,660284327;0,652014679;20;2,442045501;2,309845025;2,309845025;0,00025
3;F3;C4;P. capillare Medium;29;55;131;639;P. capillare Medium;P. capillare;Medium;Rockwool;7,00E-04;0,0032;0,0039;17,5;P. capillare:Medium;30;5,08212168;4,367701359;4,367701359;8,758484678;3,069399327;2,924684977;2,788550627;20;2,442045501;2,309845025;2,309845025;-5,00E-05
3;F4;C4;D. scoparium Medium;0;0;121;624;D. scoparium Medium;D. scoparium;Medium;Rockwool;0;0,0036;0,0036;0;D. scoparium:Medium;1;0;0;0;0,15128593;-1,438049877;-1,488934428;-1,542358559;2,5;0,859409015;0,84403228;0,84403228;-2,00E-04
3;F5;C4;T. squarrosa Small;109;57;146;604;T. squarrosa Small;T. squarrosa;Small;Rockwool;2,00E-04;0,0043;0,0045;5;T. squarrosa:Small;110;8,28955202;6,674970659;6,674970659;9,588372023;3,246548462;3,086665743;2,936661979;7,5;1,75327197;1,687054115;1,687054115;0,00025
3;F1;C5;S. ruralis Large;20;45;128;638;S. ruralis Large;S. ruralis;Large;Rockwool;0,0014;0,0039;0,0053;35;S. ruralis:Large;21;4,351951458;3,805033889;3,805033889;7,204577466;2,703372731;2,588070745;2,478983698;37,5;2,835809661;2,654391259;2,654391259;0,00065
3;F2;C5;D. scoparium Large;3;6;133;638;D. scoparium Large;D. scoparium;Large;Rockwool;0;0,0038;0,0038;0;D. scoparium:Large;4;1,623555001;1,531512651;1,531512651;1,091724802;0,088936157;0,08877797;0,088620157;2,5;0,859409015;0,84403228;0,84403228;-1,00E-04
3;F3;C5;P. capillare Small;8;12;143;621;P. capillare Small;P. capillare;Small;Rockwool;1,00E-04;0,0028;0,0029;2,5;P. capillare:Small;9;2,832742;2,576865771;2,576865771;2,08365308;0,822187113;0,809668083;0,797398027;5;1,439425073;1,395339575;1,395339575;-0,00055
3;F4;C5;P. capillare Medium;46;77;123;630;P. capillare Medium;P. capillare;Medium;Rockwool;0,0013;0,0028;0,0041;32,5;P. capillare:Medium;47;6,087412047;5,117497469;5,117497469;12,37350815;3,7724906;3,564203026;3,37025316;35;2,794282305;2,618470666;2,618470666;5,00E-05
3;F5;C5;T. squarrosa Small;129;96;191;619;T. squarrosa Small;T. squarrosa;Small;Rockwool;4,00E-04;0,004;0,0044;10;T. squarrosa:Small;130;8,773263106;7,003579192;7,003579192;15,66017123;4,295799408;4,03466793;3,793213549;12,5;2,123897034;2,025242465;2,025242465;2,00E-04
3;F1;C1;D. scoparium Small;0;0;174;621;D. scoparium Small;D. scoparium;Small;Rockwool;0;0,0037;0,0037;0;D. scoparium:Small;1;0;0;0;0,15128593;-1,438049877;-1,488934428;-1,542358559;2,5;0,859409015;0,84403228;0,84403228;-0,00015
3;F2;C1;H. aureum Medium;34;53;151;658;H. aureum Medium;H. aureum;Medium;Rockwool;0,0012;0,0019;0,0031;30;H. aureum:Medium;35;5,416050865;4,619801732;4,619801732;8,205997177;2,944870601;2,810459885;2,683776575;32,5;2,749222476;2,579381676;2,579381676;-0,00045
3;F3;C1;T. squarrosa Large;32;81;172;631;T. squarrosa Large;T. squarrosa;Large;Rockwool;0,0014;0,0038;0,0052;35;T. squarrosa:Large;33;5,287235896;4,522924035;4,522924035;12,98805297;3,877141872;3,658647627;3,455486578;37,5;2,835809661;2,654391259;2,654391259;6,00E-04
3;F4;C1;S. ruralis Medium;9;31;192;624;S. ruralis Medium;S. ruralis;Medium;Rockwool;1,00E-04;0,0038;0,0039;2,5;S. ruralis:Medium;10;3,006452417;2,721696483;2,721696483;5,119234648;2,112832113;2,039100645;1,968649697;5;1,439425073;1,395339575;1,395339575;-5,00E-05
3;F5;C1;P. capillare Medium;34;45;100;599;P. capillare Medium;P. capillare;Medium;Rockwool;5,00E-04;0,002;0,0025;12,5;P. capillare:Medium;35;5,416050865;4,619801732;4,619801732;7,663806799;2,816844487;2,692709654;2,575477376;15;2,249828074;2,138540252;2,138540252;-0,00075
3;F1;C2;S. ruralis Small;1;2;168;647;S. ruralis Small;S. ruralis;Small;Rockwool;0;0,0035;0,0035;0;S. ruralis:Small;2;0,749380678;0,728256317;0,728256317;0,460404941;-0,691233886;-0,701748763;-0,71248178;2,5;0,859409015;0,84403228;0,84403228;-0,00025
3;F2;C2;S. ruralis Medium;7;21;170;634;S. ruralis Medium;S. ruralis;Medium;Rockwool;1,00E-04;0,0038;0,0039;2,5;S. ruralis:Medium;8;2,643304734;2,417492934;2,417492934;3,46358877;1,508468385;1,468925373;1,430717699;5;1,439425073;1,395339575;1,395339575;-5,00E-05
3;F3;C2;H. aureum Small;22;34;120;645;H. aureum Small;H. aureum;Small;Rockwool;2,00E-04;0,0026;0,0028;5;H. aureum:Small;23;4,532723152;3,945860173;3,945860173;5,42260376;2,208091847;2,128174067;2,051938593;7,5;1,75327197;1,687054115;1,687054115;-6,00E-04
3;F4;C2;D. scoparium Small;0;0;202;662;D. scoparium Small;D. scoparium;Small;Rockwool;0;0,0037;0,0037;0;D. scoparium:Small;1;0;0;0;0,15128593;-1,438049877;-1,488934428;-1,542358559;2,5;0,859409015;0,84403228;0,84403228;-0,00015
3;F5;C2;H. cupressiforme Large;15;21;99;607;H. cupressiforme Large;H. cupressiforme;Large;Rockwool;1,00E-04;0,0066;0,0067;2,5;H. cupressiforme:Large;16;3,832872411;3,394716553;3,394716553;3,610923492;1,569553911;1,526971476;1,485875622;5;1,439425073;1,395339575;1,395339575;0,00135
3;F1;C3;S. ruralis Small;3;3;186;638;S. ruralis Small;S. ruralis;Small;Rockwool;0;0,0038;0,0038;0;S. ruralis:Small;4;1,623555001;1,531512651;1,531512651;0,621505366;-0,442926059;-0,447106042;-0,451339351;2,5;0,859409015;0,84403228;0,84403228;-1,00E-04
3;F2;C3;S. ruralis Small;2;2;194;627;S. ruralis Small;S. ruralis;Small;Rockwool;0;0,0038;0,0038;0;S. ruralis:Small;3;1,244331032;1,188548685;1,188548685;0,470265197;-0,674428249;-0,684415538;-0,694604404;2,5;0,859409015;0,84403228;0,84403228;-1,00E-04
3;F3;C3;T. squarrosa Small;117;84;170;651;T. squarrosa Small;T. squarrosa;Small;Rockwool;5,00E-04;0,0039;0,0044;12,5;T. squarrosa:Small;118;8,490645682;6,812122881;6,812122881;13,05451174;3,888250821;3,668662294;3,464514754;15;2,249828074;2,138540252;2,138540252;2,00E-04
3;F4;C3;T. squarrosa Large;54;122;177;619;T. squarrosa Large;T. squarrosa;Large;Rockwool;0,0028;0,0034;0,0062;70;T. squarrosa:Large;55;6,463766513;5,391469823;5,391469823;19,86049433;4,862895923;4,539648078;4,242884639;72,5;3,212834817;2,975825264;2,975825264;0,0011
3;F5;C3;H. cupressiforme Medium;10;12;123;590;H. cupressiforme Medium;H. cupressiforme;Medium;Rockwool;2,00E-04;0,0036;0,0038;5;H. cupressiforme:Medium;11;3,167135005;2,854583782;2,854583782;2,185184235;0,882048925;0,867724424;0,853703368;7,5;1,75327197;1,687054115;1,687054115;-1,00E-04
3;F1;C4;S. ruralis Medium;9;17;144;649;S. ruralis Medium;S. ruralis;Medium;Rockwool;1,00E-04;0,0043;0,0044;2,5;S. ruralis:Medium;10;3,006452417;2,721696483;2,721696483;2,770700414;1,193988857;1,168503846;1,143723799;5;1,439425073;1,395339575;1,395339575;2,00E-04
3;F3;C4;T. squarrosa Medium;113;61;163;657;T. squarrosa Medium;T. squarrosa;Medium;Rockwool;5,00E-04;0,004;0,0045;12,5;T. squarrosa:Medium;114;8,391471141;6,744579951;6,744579951;9,435913023;3,214828826;3,057705497;2,910221073;15;2,249828074;2,138540252;2,138540252;0,00025
3;F4;C4;T. squarrosa Medium;100;68;147;650;T. squarrosa Medium;T. squarrosa;Medium;Rockwool;0,0022;0,0045;0,0067;55;T. squarrosa:Medium;101;8,04923533;6,510034125;6,510034125;10,61282439;3,451057579;3,27293935;3,106326323;57,5;3,084254086;2,867168403;2,867168403;0,00135
3;F5;C4;H. cupressiforme Small;0;0;135;659;H. cupressiforme Small;H. cupressiforme;Small;Rockwool;0;0,0035;0,0035;0;H. cupressiforme:Small;1;0;0;0;0,15128593;-1,438049877;-1,488934428;-1,542358559;2,5;0,859409015;0,84403228;0,84403228;-0,00025
3;F1;C5;D. scoparium Small;0;0;172;625;D. scoparium Small;D. scoparium;Small;Rockwool;0;0,0035;0,0035;0;D. scoparium:Small;1;0;0;0;0,15128593;-1,438049877;-1,488934428;-1,542358559;2,5;0,859409015;0,84403228;0,84403228;-0,00025
3;F2;C5;D. scoparium Small;0;0;171;636;D. scoparium Small;D. scoparium;Small;Rockwool;0;0,0029;0,0029;0;D. scoparium:Small;1;0;0;0;0,15128593;-1,438049877;-1,488934428;-1,542358559;2,5;0,859409015;0,84403228;0,84403228;-0,00055
3;F3;C5;S. ruralis Medium;5;8;180;637;S. ruralis Medium;S. ruralis;Medium;Rockwool;0;0,0042;0,0042;0;S. ruralis:Medium;6;2,200928961;2,03920857;2,03920857;1,407172901;0,359887336;0,357372721;0,354881307;2,5;0,859409015;0,84403228;0,84403228;1,00E-04
3;F4;C5;S. ruralis Large;33;70;142;605;S. ruralis Large;S. ruralis;Large;Rockwool;5,00E-04;0,004;0,0045;12,5;S. ruralis:Large;34;5,352380183;4,571974579;4,571974579;11,72153386;3,657426398;3,460145664;3,276149706;15;2,249828074;2,138540252;2,138540252;0,00025
3;F5;C5;T. squarrosa Medium;56;54;171;609;T. squarrosa Medium;T. squarrosa;Medium;Rockwool;7,00E-04;0,0039;0,0046;17,5;T. squarrosa:Medium;57;6,551136066;5,454579698;5,454579698;9,018281004;3,126068984;2,976566873;2,836049262;20;2,442045501;2,309845025;2,309845025;3,00E-04
3;F1;C1;D. scoparium Large;6;19;126;634;D. scoparium Large;D. scoparium;Large;Rockwool;5,00E-04;0,0041;0,0046;12,5;D. scoparium:Large;7;2,434450912;2,239992636;2,239992636;3,148131356;1,371313822;1,33823449;1,306185726;15;2,249828074;2,138540252;2,138540252;3,00E-04
3;F2;C1;P. capillare Large;36;55;128;603;P. capillare Large;P. capillare;Large;Rockwool;0,0026;0,0034;0,006;65;P. capillare:Large;37;5,53926194;4,712037598;4,712037598;9,27234729;3,180398675;3,026249243;2,881481844;67,5;3,173644859;2,942815852;2,942815852;0,001
3;F3;C1;S. ruralis Large;19;35;106;643;S. ruralis Large;S. ruralis;Large;Rockwool;8,00E-04;0,0044;0,0052;20;S. ruralis:Large;20;4,256494729;3,730248731;3,730248731;5,594520767;2,260434831;2,17703022;2,097540197;22,5;2,518514759;2,377436186;2,377436186;6,00E-04
3;F4;C1;P. capillare Small;18;33;155;620;P. capillare Small;P. capillare;Small;Rockwool;1,00E-04;0,0036;0,0037;2,5;P. capillare:Small;19;4,157250431;3,652181193;3,652181193;5,473866576;2,223819225;2,142860245;2,065652501;5;1,439425073;1,395339575;1,395339575;-0,00015
3;F5;C1;H. aureum Small;32;28;137;647;H. aureum Small;H. aureum;Small;Rockwool;3,00E-04;0,0027;0,003;7,5;H. aureum:Small;33;5,287235896;4,522924035;4,522924035;4,478952082;1,898046097;1,837488744;1,779403403;10;1,965285051;1,881367264;1,881367264;-5,00E-04
3;F1;C2;D. scoparium Medium;1;2;190;666;D. scoparium Medium;D. scoparium;Medium;Rockwool;0;0,0047;0,0047;0;D. scoparium:Medium;2;0,749380678;0,728256317;0,728256317;0,451586231;-0,706478175;-0,717484505;-0,728724819;2,5;0,859409015;0,84403228;0,84403228;0,00035
3;F2;C2;H. cupressiforme Large;15;28;128;616;H. cupressiforme Large;H. cupressiforme;Large;Rockwool;4,00E-04;0,004;0,0044;10;H. cupressiforme:Large;16;3,832872411;3,394716553;3,394716553;4,696740476;1,973375001;1,908321475;1,846008347;12,5;2,123897034;2,025242465;2,025242465;2,00E-04
3;F3;C2;D. scoparium Medium;0;0;187;626;D. scoparium Medium;D. scoparium;Medium;Rockwool;0;0,004;0,004;0;D. scoparium:Medium;1;0;0;0;0,15128593;-1,438049877;-1,488934428;-1,542358559;2,5;0,859409015;0,84403228;0,84403228;0
3;F4;C2;S. ruralis Large;24;75;135;660;S. ruralis Large;S. ruralis;Large;Rockwool;0,0011;0,0039;0,005;27,5;S. ruralis:Large;25;4,701652943;4,076537672;4,076537672;11,51492229;3,620033323;3,426280297;3,245479238;30;2,700020751;2,536566482;2,536566482;5,00E-04
3;F5;C2;H. cupressiforme Small;0;0;109;623;H. cupressiforme Small;H. cupressiforme;Small;Rockwool;0;0,0031;0,0031;0;H. cupressiforme:Small;1;0;0;0;0,15128593;-1,438049877;-1,488934428;-1,542358559;2,5;0,859409015;0,84403228;0,84403228;-0,00045
3;F1;C3;T. squarrosa Medium;51;50;148;659;T. squarrosa Medium;T. squarrosa;Medium;Rockwool;3,00E-04;0,0048;0,0051;7,5;T. squarrosa:Medium;52;6,327958688;5,293007072;5,293007072;7,738539345;2,834858418;2,709297432;2,590751907;10;1,965285051;1,881367264;1,881367264;0,00055
3;F2;C3;H. cupressiforme Large;22;42;126;635;H. cupressiforme Large;H. cupressiforme;Large;Rockwool;4,00E-04;0,0037;0,0041;10;H. cupressiforme:Large;23;4,532723152;3,945860173;3,945860173;6,765459159;2,590052628;2,483308157;2,382132341;12,5;2,123897034;2,025242465;2,025242465;5,00E-05
3;F3;C3;S. ruralis Small;1;1;174;627;S. ruralis Small;S. ruralis;Small;Rockwool;0;0,0034;0,0034;0;S. ruralis:Small;2;0,749380678;0,728256317;0,728256317;0,310775564;-0,984152492;-1,006357206;-1,029253234;2,5;0,859409015;0,84403228;0,84403228;-3,00E-04
3;F4;C3;H. cupressiforme Medium;13;22;132;630;H. cupressiforme Medium;H. cupressiforme;Medium;Rockwool;1,00E-04;0,0031;0,0032;2,5;H. cupressiforme:Medium;14;3,589238363;3,198936256;3,198936256;3,643349422;1,582763676;1,539511159;1,497779216;5;1,439425073;1,395339575;1,395339575;-4,00E-04
3;F5;C3;P. capillare Large;20;41;110;610;P. capillare Large;P. capillare;Large;Rockwool;7,00E-04;0,0028;0,0035;17,5;P. capillare:Large;21;4,351951458;3,805033889;3,805033889;6,872597406;2,618163253;2,509320842;2,40620366;20;2,442045501;2,309845025;2,309845025;-0,00025
3;F1;C4;H. aureum Large;9;24;120;655;H. aureum Large;H. aureum;Large;Rockwool;8,00E-04;0,0044;0,0052;20;H. aureum:Large;10;3,006452417;2,721696483;2,721696483;3,815408068;1,651519383;1,604706434;1,559598448;22,5;2,518514759;2,377436186;2,377436186;6,00E-04
3;F2;C4;D. scoparium Large;2;6;132;635;D. scoparium Large;D. scoparium;Large;Rockwool;2,00E-04;0,0034;0,0036;5;D. scoparium:Large;3;1,244331032;1,188548685;1,188548685;1,09616782;0,093109647;0,092936347;0,092763476;7,5;1,75327197;1,687054115;1,687054115;-2,00E-04
3;F3;C4;T. squarrosa Small;92;51;174;625;T. squarrosa Small;T. squarrosa;Small;Rockwool;3,00E-04;0,0041;0,0044;7,5;T. squarrosa:Small;93;7,821204591;6,352464527;6,352464527;8,31128593;2,969043456;2,832656228;2,704158017;10;1,965285051;1,881367264;1,881367264;2,00E-04
3;F4;C4;D. scoparium Medium;1;1;172;654;D. scoparium Medium;D. scoparium;Medium;Rockwool;0;0,0033;0,0033;0;D. scoparium:Medium;2;0,749380678;0,728256317;0,728256317;0,304191129;-0,999132123;-1,022067924;-1,045730719;2,5;0,859409015;0,84403228;0,84403228;-0,00035
3;F1;C5;H. aureum Medium;32;46;120;659;H. aureum Medium;H. aureum;Medium;Rockwool;0,0018;0,0031;0,0049;45;H. aureum:Medium;33;5,287235896;4,522924035;4,522924035;7,131559072;2,684869603;2,570983045;2,463203149;47,5;2,975060507;2,774103852;2,774103852;0,00045
3;F2;C5;H. aureum Large;16;25;136;660;H. aureum Large;H. aureum;Large;Rockwool;7,00E-04;0,0043;0,005;17,5;H. aureum:Large;17;3,945893628;3,484830417;3,484830417;3,939164718;1,699648096;1,650270992;1,602735468;20;2,442045501;2,309845025;2,309845025;5,00E-04
3;F3;C5;P. capillare Small;6;5;134;643;P. capillare Small;P. capillare;Small;Rockwool;0;0,0032;0,0032;0;P. capillare:Small;7;2,434450912;2,239992636;2,239992636;0,928890907;-0,072945673;-0,073054078;-0,073162698;2,5;0,859409015;0,84403228;0,84403228;-4,00E-04
3;F4;C5;H. cupressiforme Small;1;1;91;644;H. cupressiforme Small;H. cupressiforme;Small;Rockwool;0;0,0039;0,0039;0;H. cupressiforme:Small;2;0,749380678;0,728256317;0,728256317;0,306565434;-0,993704748;-1,016374092;-1,03975735;2,5;0,859409015;0,84403228;0,84403228;-5,00E-05
3;F5;C5;T. squarrosa Large;26;39;176;585;T. squarrosa Large;T. squarrosa;Large;Rockwool;0,0011;0,004;0,0051;27,5;T. squarrosa:Large;27;4,860377204;4,198527849;4,198527849;6,817952597;2,603864172;2,496090988;2,393963079;30;2,700020751;2,536566482;2,536566482;0,00055
